OrderID,Date,Region,Product,SalesRep,UnitsSold,UnitPrice,TotalSale
1000,2025-02-27,South,Widget C,A. Khan,15.0,32.21,483.15
1001,2025-02-22,South,Widget B,J. Smith,38.0,87.27,3316.26
1002,2025-01-16,South,Widget B,J. Smith,39.0,10.17,396.63
1003,2025-04-12,South,Widget B,R. Patel,15.0,92.6,1389.0
1004,2025-05-23,East,Widget B,R. Patel,22.0,59.18,1301.96
1005,2025-04-21,North,Widget A,R. Patel,7.0,75.0,525.0
1006,2025-06-26,East,Widget A,R. Patel,35.0,29.34,1026.9
1007,2025-07-13,North,Widget C,J. Smith,24.0,117.58,2821.92
1008,2025-02-05,South,Widget B,M. Chen,6.0,171.79,1030.74
1009,2025-02-21,East,Widget A,M. Chen,26.0,77.19,2006.94
1010,2025-04-18,East,Widget A,J. Smith,41.0,38.37,1573.17
1011,2025-05-06,West,Widget A,M. Chen,41.0,139.19,5706.79
1012,2025-04-23,East,Widget A,A. Khan,3.0,161.98,485.94
1013,2025-07-25,North,Widget B,J. Smith,46.0,66.36,3052.56
1014,2025-09-13,South,Widget A,A. Khan,17.0,32.23,547.91
1015,2025-10-15,East,Widget B,R. Patel,38.0,82.88,3149.44
1016,2025-04-23,North,Widget A,J. Smith,49.0,14.19,695.31
1017,2025-02-26,South,Widget B,R. Patel,39.0,17.39,678.21
1018,2025-07-15,West,Widget B,M. Chen,36.0,172.85,6222.6
1019,2025-01-06,South,Widget A,J. Smith,49.0,57.03,2794.47
1020,2025-06-24,East,Widget A,A. Khan,30.0,5.63,168.9
1021,2025-05-15,East,Widget B,J. Smith,7.0,174.75,1223.25
1022,2025-06-02,North,Widget B,A. Khan,10.0,77.91,779.1
1023,2025-03-24,East,Widget B,J. Smith,39.0,68.21,2660.19
1024,2025-01-10,East,Widget C,A. Khan,4.0,51.97,207.88
1025,2025-10-18,North,Widget A,J. Smith,49.0,108.88,5335.12
1026,2025-03-06,South,Widget A,J. Smith,11.0,56.69,623.59
1027,2025-08-05,North,Widget B,M. Chen,26.0,199.05,5175.3
1028,2025-11-07,North,Widget A,J. Smith,16.0,48.82,781.12
1029,2025-06-23,North,Widget B,A. Khan,38.0,47.94,1821.72
1030,2025-02-06,South,Widget A,A. Khan,26.0,181.56,4720.56
1031,2025-06-19,North,Widget B,M. Chen,43.0,99.66,4285.38
1032,2025-10-04,South,Widget B,J. Smith,31.0,52.38,1623.78
1033,2025-08-31,South,Widget A,J. Smith,43.0,89.05,3829.15
1034,2025-05-08,West,Widget A,J. Smith,4.0,83.51,334.04
1035,2025-06-23,South,Widget B,A. Khan,35.0,92.48,3236.8
1036,2025-08-05,East,Widget A,A. Khan,5.0,91.41,457.05
1037,2025-10-09,North,Widget B,J. Smith,6.0,185.64,1113.84
1038,2025-05-02,West,Widget A,R. Patel,14.0,173.61,2430.54
1039,2025-01-31,West,Widget A,R. Patel,17.0,185.67,3156.39
1040,2025-08-21,West,Widget B,R. Patel,10.0,42.03,420.3
1041,2025-04-22,North,Widget B,J. Smith,48.0,66.15,3175.2
1042,2025-01-26,West,Widget B,J. Smith,11.0,16.09,176.99
1043,2025-09-18,East,Widget B,J. Smith,39.0,18.25,711.75
1044,2025-01-05,North,Widget B,A. Khan,38.0,120.93,4595.34
1045,2025-11-02,South,Widget B,J. Smith,34.0,66.69,2267.46
1046,2025-05-14,South,Widget C,A. Khan,17.0,82.18,1397.06
1047,2025-03-06,North,Widget A,J. Smith,30.0,126.13,3783.9
1048,2025-10-16,North,Widget B,A. Khan,33.0,56.71,1871.43
1049,2025-06-28,South,Widget C,M. Chen,11.0,90.45,994.95
1050,2025-10-06,East,Widget B,J. Smith,1.0,135.23,135.23
1051,2025-11-10,South,Widget A,A. Khan,17.0,27.51,467.67
1052,2025-02-24,North,Widget B,M. Chen,19.0,122.94,2335.86
1053,2025-06-25,South,Widget C,J. Smith,32.0,53.97,1727.04
1054,2025-01-27,South,Widget A,M. Chen,3.0,5.69,17.07
1055,2025-03-08,East,Widget B,R. Patel,26.0,142.61,3707.86
1056,2025-10-15,North,Widget A,J. Smith,35.0,12.03,421.05
1057,2025-07-09,North,Widget B,R. Patel,9.0,13.16,118.44
1058,2025-07-06,East,Widget B,A. Khan,43.0,25.04,1076.72
1059,2025-10-14,North,Widget B,A. Khan,11.0,195.36,2148.96
1060,2025-01-04,North,Widget B,M. Chen,27.0,161.44,4358.88
1061,2025-08-05,South,Widget A,R. Patel,3.0,172.43,517.29
1062,2025-04-24,East,Widget A,M. Chen,20.0,165.0,3300.0
1063,2025-04-27,North,Widget B,R. Patel,22.0,59.33,1305.26
1064,2025-05-02,East,Widget B,R. Patel,44.0,196.32,8638.08
1065,2025-02-10,North,Widget A,M. Chen,12.0,118.21,1418.52
1066,2025-05-16,North,Widget B,R. Patel,23.0,95.50999999999999,2196.73
1067,2025-10-06,North,Widget B,J. Smith,25.0,95.50999999999999,2387.75
1068,2025-08-04,North,Widget A,J. Smith,26.0,185.49,4822.74
1069,2025-10-03,South,Widget B,M. Chen,28.0,18.64,521.92
1070,2025-06-19,East,Widget A,M. Chen,33.0,65.31,2155.23
1071,2025-07-29,West,Widget C,J. Smith,9.0,42.41,381.69
1072,2025-07-14,South,Widget B,J. Smith,37.0,63.69,2356.53
1073,2025-10-08,East,Widget C,A. Khan,26.0,158.22,4113.72
1074,2025-06-14,West,Widget A,A. Khan,33.0,97.27,3209.91
1075,2025-03-28,North,Widget C,J. Smith,43.0,128.42,5522.06
1076,2025-06-21,North,Widget B,M. Chen,15.0,95.50999999999999,1432.65
1077,2025-03-17,North,Widget B,R. Patel,40.0,170.7,6828.0
1078,2025-07-02,North,Widget B,A. Khan,46.0,140.79,6476.34
1079,2025-11-09,South,Widget B,J. Smith,49.0,172.79,8466.71
1080,2025-02-24,South,Widget B,J. Smith,30.0,14.79,443.7
1081,2025-05-08,West,Widget B,R. Patel,43.0,108.57,4668.51
1082,2025-10-14,East,Widget A,J. Smith,47.0,178.94,8410.18
1083,2025-08-07,West,Widget B,R. Patel,29.0,55.54,1610.66
1084,2025-05-07,East,Widget B,R. Patel,26.0,51.65,1342.9
1085,2025-08-14,South,Widget C,A. Khan,18.0,70.49,1268.82
1086,2025-10-04,South,Widget B,A. Khan,25.0,140.32,3508.0
1087,2025-04-20,West,Widget A,M. Chen,35.0,95.86,3355.1
1088,2025-02-01,East,Widget A,R. Patel,50.0,118.9,5945.0
1089,2025-01-11,West,Widget A,J. Smith,23.0,63.23,1454.29
1090,2025-07-19,North,Widget B,J. Smith,15.0,100.2,1503.0
1091,2025-05-20,West,Widget A,R. Patel,22.0,135.43,2979.46
1092,2025-07-27,South,Widget A,A. Khan,40.0,109.15,4366.0
1093,2025-07-21,North,Widget A,J. Smith,42.0,88.58,3720.36
1094,2025-08-25,North,Widget C,R. Patel,21.0,46.27,971.67
1095,2025-06-17,East,Widget A,M. Chen,49.0,190.48,9333.52
1096,2025-04-08,East,Widget A,R. Patel,2.0,151.06,302.12
1097,2025-01-27,South,Widget A,J. Smith,49.0,11.05,541.45
1098,2025-05-07,East,Widget A,J. Smith,10.0,51.52,515.2
1099,2025-08-31,North,Widget B,A. Khan,30.0,141.4,4242.0
1100,2025-07-08,North,Widget B,J. Smith,50.0,164.76,8238.0
1101,2025-06-09,North,Widget A,M. Chen,37.0,137.08,5071.96
1102,2025-12-07,South,Widget B,J. Smith,38.0,139.67,5307.46
1103,2025-05-05,South,Widget C,J. Smith,8.0,160.26,1282.08
1104,2025-10-17,East,Widget B,R. Patel,26.0,77.26,2008.76
1105,2025-09-17,East,Widget A,R. Patel,32.0,25.58,818.56
1106,2025-07-05,East,Widget A,A. Khan,28.0,39.35,1101.8
1107,2025-09-25,East,Widget B,J. Smith,50.0,99.28,4964.0
1108,2025-08-12,North,Widget C,M. Chen,16.0,166.99,2671.84
1109,2025-02-14,West,Widget B,R. Patel,37.0,124.01,4588.37
1110,2025-07-14,North,Widget A,M. Chen,12.0,100.07,1200.84
1111,2025-01-07,East,Widget C,J. Smith,45.0,176.62,7947.9
1112,2025-10-12,North,Widget B,J. Smith,16.0,145.41,2326.56
1113,2025-09-08,East,Widget B,R. Patel,42.0,143.81,6040.02
1114,2025-08-18,North,Widget C,A. Khan,26.0,139.9,3637.4
1115,2025-06-06,North,Widget C,R. Patel,36.0,108.53,3907.08
1116,2025-08-06,North,Widget C,M. Chen,45.0,93.48,4206.6
1117,2025-06-06,South,Widget A,A. Khan,21.0,28.31,594.51
1118,2025-10-02,South,Widget B,A. Khan,48.0,99.42,4772.16
1119,2025-09-26,East,Widget A,A. Khan,19.0,49.36,937.84
1120,2025-02-04,North,Widget B,A. Khan,18.0,13.88,249.84
1121,2025-01-28,East,Widget B,R. Patel,7.0,175.18,1226.26
1122,2025-10-21,West,Widget A,R. Patel,22.0,40.95,900.9
1123,2025-01-27,East,Widget A,J. Smith,5.0,95.50999999999999,477.55
1124,2025-02-07,South,Widget A,A. Khan,26.0,163.17,4242.42
1125,2025-06-05,South,Widget A,J. Smith,49.0,86.15,4221.35
1126,2025-04-26,West,Widget A,R. Patel,20.0,172.73,3454.6
1127,2025-08-08,North,Widget B,J. Smith,40.0,192.22,7688.8
1128,2025-02-20,South,Widget B,M. Chen,43.0,20.83,895.69
1129,2025-05-03,North,Widget A,A. Khan,1.0,84.66,84.66
1130,2025-08-29,North,Widget B,M. Chen,46.0,60.13,2765.98
1131,2025-08-21,South,Widget B,M. Chen,41.0,120.01,4920.41
1132,2025-12-04,North,Widget B,A. Khan,42.0,34.05,1430.1
1133,2025-05-17,North,Widget A,A. Khan,20.0,121.03,2420.6
1134,2025-10-19,West,Widget A,R. Patel,45.0,64.3,2893.5
1135,2025-07-26,North,Widget B,R. Patel,29.0,20.69,600.01
1136,2025-01-21,South,Widget C,J. Smith,17.0,10.04,170.68
1137,2025-04-28,East,Widget B,J. Smith,2.0,199.92,399.84
1138,2025-05-18,North,Widget B,R. Patel,34.0,132.04,4489.36
1139,2025-05-23,North,Widget A,R. Patel,6.0,96.65,579.9
1140,2025-07-29,East,Widget A,A. Khan,22.0,85.27,1875.94
1141,2025-11-09,South,Widget A,J. Smith,3.0,93.69,281.07
1142,2025-11-06,East,Widget A,R. Patel,33.0,165.86,5473.38
1143,2025-01-01,East,Widget B,R. Patel,27.0,15.57,420.39
1144,2025-09-23,North,Widget A,R. Patel,49.0,15.06,737.94
1145,2025-05-17,South,Widget C,R. Patel,45.0,99.52,4478.4
1146,2025-01-15,North,Widget B,A. Khan,20.0,112.41,2248.2
1147,2025-10-10,North,Widget B,J. Smith,30.0,189.68,5690.4
1148,2025-03-20,South,Widget C,J. Smith,46.0,58.32,2682.72
1149,2025-05-09,South,Widget A,J. Smith,10.0,79.8,798.0
1150,2025-09-18,South,Widget A,M. Chen,50.0,159.05,7952.5
1151,2025-01-08,East,Widget B,M. Chen,1.0,60.15,60.15
1152,2025-06-02,North,Widget A,A. Khan,29.0,110.02,3190.58
1153,2025-06-26,North,Widget B,R. Patel,30.0,186.91,5607.3
1154,2025-04-07,South,Widget B,R. Patel,15.0,171.92,2578.8
1155,2025-07-30,East,Widget A,R. Patel,26.0,197.74,5141.24
1156,2025-03-19,North,Widget B,J. Smith,38.0,69.74,2650.12
1157,2025-02-21,North,Widget B,R. Patel,1.0,145.88,145.88
1158,2025-07-29,South,Widget A,R. Patel,17.0,71.02,1207.34
1159,2025-07-23,North,Widget C,J. Smith,25.0,191.06,4776.5
1160,2025-09-07,North,Widget B,J. Smith,16.0,128.08,2049.28
1161,2025-05-28,South,Widget A,R. Patel,7.0,153.27,1072.89
1162,2025-02-21,South,Widget C,J. Smith,3.0,68.25,204.75
1163,2025-01-29,East,Widget C,R. Patel,10.0,52.62,526.2
1164,2025-07-30,South,Widget B,A. Khan,12.0,20.4,244.8
1165,2025-07-15,South,Widget B,R. Patel,38.0,32.91,1250.58
1166,2025-08-25,East,Widget A,J. Smith,43.0,6.83,293.69
1167,2025-08-27,South,Widget B,A. Khan,5.0,91.14,455.7
1168,2025-06-26,East,Widget A,M. Chen,30.0,169.83,5094.9
1169,2025-12-04,East,Widget A,J. Smith,16.0,79.37,1269.92
1170,2025-07-03,East,Widget C,J. Smith,43.0,82.18,3533.74
1171,2025-01-05,East,Widget A,J. Smith,48.0,101.86,4889.28
1172,2025-05-27,North,Widget C,A. Khan,41.0,42.08,1725.28
1173,2025-05-09,East,Widget B,J. Smith,41.0,131.04,5372.64
1174,2025-08-06,North,Widget B,M. Chen,47.0,30.63,1439.61
1175,2025-01-06,South,Widget A,A. Khan,13.0,30.77,400.01
1176,2025-04-10,North,Widget B,M. Chen,11.0,55.11,606.21
1177,2025-04-09,South,Widget C,J. Smith,30.0,192.76,5782.8
1178,2025-03-14,East,Widget A,J. Smith,24.0,22.61,542.64
1179,2025-07-22,East,Widget B,J. Smith,30.0,95.50999999999999,2865.3
1180,2025-05-15,West,Widget C,J. Smith,44.0,50.6,2226.4
1181,2025-01-13,North,Widget C,J. Smith,15.0,131.29,1969.35
1182,2025-08-26,East,Widget A,J. Smith,9.0,13.84,124.56
1183,2025-01-20,West,Widget A,J. Smith,16.0,178.02,2848.32
1184,2025-11-03,North,Widget C,J. Smith,27.0,119.53,3227.31
1185,2025-03-21,South,Widget A,R. Patel,40.0,84.58,3383.2
1186,2025-05-24,South,Widget C,A. Khan,29.0,91.72,2659.88
1187,2025-01-05,North,Widget C,J. Smith,42.0,74.94,3147.48
1188,2025-07-23,South,Widget A,R. Patel,6.0,134.24,805.44
1189,2025-01-11,East,Widget C,A. Khan,9.0,158.46,1426.14
1190,2025-04-16,East,Widget B,A. Khan,38.0,47.11,1790.18
1191,2025-04-30,East,Widget B,J. Smith,1.0,59.07,59.07
1192,2025-03-16,North,Widget C,A. Khan,8.0,133.91,1071.28
1193,2025-01-14,North,Widget C,A. Khan,38.0,68.14,2589.32
1194,2025-03-31,North,Widget B,R. Patel,26.0,95.50999999999999,2483.26
1195,2025-02-02,West,Widget C,J. Smith,38.0,26.27,998.26
1196,2025-09-15,North,Widget A,J. Smith,26.0,94.32,2452.32
1197,2025-01-16,West,Widget A,R. Patel,44.0,26.05,1146.2
1198,2025-08-16,North,Widget C,J. Smith,10.0,17.81,178.1
1199,2025-05-21,South,Widget B,J. Smith,46.0,68.41,3146.86
1200,2025-09-29,West,Widget B,J. Smith,28.0,24.34,681.52
1201,2025-02-28,South,Widget B,A. Khan,28.0,93.05,2605.4
1202,2025-04-27,East,Widget A,R. Patel,27.0,147.27,3976.29
1203,2025-10-06,East,Widget C,M. Chen,10.0,138.93,1389.3
1204,2025-08-31,North,Widget A,J. Smith,28.0,23.83,667.24
1205,2025-07-10,North,Widget A,J. Smith,36.0,114.53,4123.08
1206,2025-04-03,East,Widget A,J. Smith,19.0,122.08,2319.52
1207,2025-06-30,North,Widget B,A. Khan,10.0,133.06,1330.6
1208,2025-04-25,East,Widget B,M. Chen,8.0,153.71,1229.68
1209,2025-10-21,East,Widget A,J. Smith,50.0,164.59,8229.5
1210,2025-10-13,North,Widget C,J. Smith,12.0,58.29,699.48
1211,2025-08-06,East,Widget A,A. Khan,10.0,115.43,1154.3
1212,2025-07-25,South,Widget A,J. Smith,48.0,108.44,5205.12
1213,2025-12-07,West,Widget C,A. Khan,24.0,65.77,1578.48
1214,2025-06-16,North,Widget A,J. Smith,10.0,35.69,356.9
1215,2025-01-26,North,Widget C,R. Patel,43.0,87.68,3770.24
1216,2025-08-15,East,Widget B,J. Smith,8.0,72.31,578.48
1217,2025-02-26,South,Widget B,R. Patel,34.0,135.09,4593.06
1218,2025-01-24,North,Widget B,J. Smith,1.0,44.86,44.86
1219,2025-04-19,East,Widget C,M. Chen,21.0,28.4,596.4
1220,2025-09-12,West,Widget B,A. Khan,25.0,108.85,2721.25
1221,2025-04-28,North,Widget C,J. Smith,26.0,173.04,4499.04
1222,2025-01-22,North,Widget A,J. Smith,21.0,117.27,2462.67
1223,2025-10-21,South,Widget A,M. Chen,8.0,83.98,671.84
1224,2025-06-16,East,Widget B,J. Smith,45.0,184.36,8296.2
1225,2025-02-15,East,Widget A,A. Khan,28.0,119.83,3355.24
1226,2025-09-26,West,Widget C,M. Chen,15.0,69.95,1049.25
1227,2025-03-28,North,Widget A,J. Smith,33.0,42.81,1412.73
1228,2025-06-28,South,Widget B,A. Khan,7.0,33.56,234.92
1229,2025-04-12,North,Widget B,J. Smith,12.0,190.5,2286.0
1230,2025-10-09,East,Widget B,J. Smith,29.0,137.82,3996.78
1231,2025-10-17,South,Widget B,M. Chen,41.0,66.65,2732.65
1232,2025-08-14,West,Widget A,M. Chen,18.0,120.33,2165.94
1233,2025-06-30,North,Widget C,R. Patel,29.0,12.33,357.57
1234,2025-08-07,North,Widget A,J. Smith,39.0,103.88,4051.32
1235,2025-08-25,North,Widget A,R. Patel,37.0,132.11,4888.07
1236,2025-06-14,West,Widget B,A. Khan,4.0,92.85,371.4
1237,2025-06-25,North,Widget B,A. Khan,3.0,95.50999999999999,286.53
1238,2025-08-13,North,Widget B,J. Smith,11.0,75.96,835.56
1239,2025-05-25,West,Widget C,J. Smith,4.0,158.9,635.6
1240,2025-06-21,East,Widget A,J. Smith,44.0,80.38,3536.72
1241,2025-05-10,East,Widget B,A. Khan,22.0,20.89,459.58
1242,2025-03-14,East,Widget A,A. Khan,39.0,143.22,5585.58
1243,2025-02-13,North,Widget A,M. Chen,9.0,135.67,1221.03
1244,2025-09-27,South,Widget A,J. Smith,24.0,8.55,205.2
1245,2025-06-08,South,Widget C,R. Patel,13.0,49.18,639.34
1246,2025-03-12,North,Widget C,J. Smith,33.0,155.32,5125.56
1247,2025-09-27,South,Widget C,J. Smith,9.0,121.46,1093.14
1248,2025-03-20,South,Widget B,A. Khan,47.0,90.35,4246.45
1249,2025-07-30,South,Widget B,R. Patel,40.0,60.56,2422.4
1250,2025-08-18,North,Widget B,M. Chen,31.0,181.27,5619.37
1251,2025-10-04,South,Widget B,R. Patel,30.0,155.04,4651.2
1252,2025-07-15,North,Widget A,A. Khan,13.0,161.25,2096.25
1253,2025-12-03,North,Widget A,M. Chen,36.0,187.19,6738.84
1254,2025-09-22,East,Widget A,A. Khan,18.0,92.62,1667.16
1255,2025-09-20,East,Widget A,J. Smith,15.0,164.26,2463.9
1256,2025-06-28,West,Widget A,R. Patel,33.0,77.92,2571.36
1257,2025-07-17,North,Widget B,J. Smith,21.0,186.51,3916.71
1258,2025-06-21,South,Widget A,M. Chen,31.0,140.73,4362.63
1259,2025-03-13,North,Widget A,J. Smith,1.0,181.64,181.64
1260,2025-10-01,South,Widget B,J. Smith,47.0,123.73,5815.31
1261,2025-08-05,East,Widget C,A. Khan,20.0,28.76,575.2
1262,2025-03-05,South,Widget B,R. Patel,5.0,26.62,133.1
1263,2025-09-13,North,Widget A,J. Smith,37.0,52.18,1930.66
1264,2025-03-15,West,Widget A,J. Smith,23.0,51.91,1193.93
1265,2025-08-02,South,Widget A,J. Smith,24.0,18.2,436.8
1266,2025-09-27,North,Widget B,J. Smith,2.0,81.14,162.28
1267,2025-08-29,North,Widget A,M. Chen,17.0,150.73,2562.41
1268,2025-07-02,East,Widget B,J. Smith,50.0,118.47,5923.5
1269,2025-06-20,North,Widget C,J. Smith,22.0,163.63,3599.86
1270,2025-03-31,West,Widget A,A. Khan,9.0,17.3,155.7
1271,2025-08-23,East,Widget B,J. Smith,13.0,177.73,2310.49
1272,2025-11-06,North,Widget A,J. Smith,31.0,54.4,1686.4
1273,2025-08-04,North,Widget A,M. Chen,18.0,29.27,526.86
1274,2025-08-07,West,Widget A,R. Patel,22.0,194.88,4287.36
1275,2025-09-12,West,Widget C,J. Smith,18.0,161.22,2901.96
1276,2025-08-06,West,Widget B,A. Khan,35.0,62.28,2179.8
1277,2025-02-22,East,Widget C,M. Chen,29.0,122.51,3552.79
1278,2025-08-07,South,Widget A,M. Chen,29.0,13.26,384.54
1279,2025-06-30,West,Widget C,J. Smith,5.0,135.88,679.4
1280,2025-07-27,North,Widget B,J. Smith,10.0,170.49,1704.9
1281,2025-08-13,South,Widget A,A. Khan,50.0,130.81,6540.5
1282,2025-05-07,North,Widget A,J. Smith,10.0,137.42,1374.2
1283,2025-09-07,West,Widget A,J. Smith,9.0,108.24,974.16
1284,2025-07-23,South,Widget C,A. Khan,8.0,10.05,80.4
1285,2025-06-04,North,Widget A,J. Smith,8.0,56.05,448.4
1286,2025-05-14,West,Widget B,J. Smith,19.0,140.33,2666.27
1287,2025-09-09,North,Widget B,J. Smith,29.0,38.67,1121.43
1288,2025-08-16,East,Widget C,M. Chen,46.0,17.66,812.36
1289,2025-05-10,East,Widget B,A. Khan,24.0,104.21,2501.04
1290,2025-03-04,East,Widget B,A. Khan,32.0,10.13,324.16
1291,2025-10-11,East,Widget A,J. Smith,9.0,124.33,1118.97
1292,2025-02-14,East,Widget A,R. Patel,34.0,85.11,2893.74
1293,2025-07-29,North,Widget B,M. Chen,42.0,19.46,817.32
1294,2025-08-27,North,Widget C,A. Khan,50.0,112.5,5625.0
1295,2025-10-28,East,Widget B,R. Patel,33.0,182.59,6025.47
1296,2025-01-29,North,Widget B,M. Chen,11.0,95.50999999999999,1050.61
1297,2025-04-26,North,Widget C,J. Smith,17.0,43.28,735.76
1298,2025-10-10,South,Widget C,J. Smith,35.0,23.22,812.7
1299,2025-03-28,North,Widget B,A. Khan,43.0,126.77,5451.11
1300,2025-06-22,North,Widget A,J. Smith,3.0,189.97,569.91
1301,2025-10-23,South,Widget B,J. Smith,27.0,125.53,3389.31
1302,2025-01-16,South,Widget B,M. Chen,42.0,191.55,8045.1
1303,2025-09-05,East,Widget A,M. Chen,30.0,19.23,576.9
1304,2025-01-31,West,Widget A,R. Patel,30.0,44.78,1343.4
1305,2025-03-15,East,Widget C,M. Chen,26.0,30.5,793.0
1306,2025-07-09,North,Widget A,M. Chen,16.0,95.50999999999999,1528.16
1307,2025-05-17,South,Widget B,J. Smith,4.0,61.59,246.36
1308,2025-07-16,West,Widget B,J. Smith,21.0,187.08,3928.68
1309,2025-06-10,East,Widget B,R. Patel,33.0,96.03,3168.99
1310,2025-07-06,North,Widget A,R. Patel,33.0,94.16,3107.28
1311,2025-05-04,North,Widget C,J. Smith,4.0,59.86,239.44
1312,2025-08-29,North,Widget A,J. Smith,28.0,95.50999999999999,2674.28
1313,2025-05-16,East,Widget A,M. Chen,3.0,83.11,249.33
1314,2025-10-19,South,Widget C,J. Smith,19.0,19.34,367.46
1315,2025-09-16,East,Widget B,M. Chen,40.0,137.68,5507.2
1316,2025-03-02,North,Widget A,M. Chen,26.0,113.78,2958.28
1317,2025-07-07,South,Widget B,J. Smith,26.0,102.52,2665.52
1318,2025-01-24,South,Widget C,R. Patel,34.0,94.11,3199.74
1319,2025-09-21,East,Widget B,M. Chen,11.0,95.50999999999999,1050.61
1320,2025-06-03,East,Widget B,J. Smith,35.0,100.52,3518.2
1321,2025-10-16,West,Widget A,M. Chen,22.0,136.39,3000.58
1322,2025-08-02,East,Widget A,J. Smith,31.0,56.78,1760.18
1323,2025-10-24,South,Widget A,J. Smith,31.0,38.25,1185.75
1324,2025-07-14,East,Widget B,J. Smith,37.0,189.9,7026.3
1325,2025-02-26,North,Widget A,M. Chen,27.0,34.53,932.31
1326,2025-04-15,North,Widget B,R. Patel,48.0,146.84,7048.32
1327,2025-03-12,South,Widget B,M. Chen,43.0,98.28,4226.04
1328,2025-12-07,South,Widget A,J. Smith,22.0,111.52,2453.44
1329,2025-05-16,West,Widget B,A. Khan,18.0,113.83,2048.94
1330,2025-04-26,East,Widget C,A. Khan,45.0,142.47,6411.15
1331,2025-12-06,East,Widget B,M. Chen,19.0,28.77,546.63
1332,2025-06-10,West,Widget C,A. Khan,19.0,13.2,250.8
1333,2025-10-02,West,Widget C,R. Patel,14.0,44.4,621.6
1334,2025-03-10,North,Widget C,A. Khan,7.0,125.06,875.42
1335,2025-10-28,South,Widget A,J. Smith,15.0,129.4,1941.0
1336,2025-01-27,West,Widget C,R. Patel,7.0,137.83,964.81
1337,2025-03-12,North,Widget B,R. Patel,42.0,187.33,7867.86
1338,2025-01-09,South,Widget B,M. Chen,21.0,60.66,1273.86
1339,2025-01-31,South,Widget B,A. Khan,35.0,149.04,5216.4
1340,2025-01-20,West,Widget B,J. Smith,26.0,158.65,4124.9
1341,2025-04-06,East,Widget C,J. Smith,1.0,63.19,63.19
1342,2025-02-24,East,Widget A,J. Smith,34.0,101.31,3444.54
1343,2025-03-10,West,Widget C,A. Khan,8.0,69.48,555.84
1344,2025-08-23,East,Widget B,J. Smith,48.0,70.74,3395.52
1345,2025-06-01,South,Widget B,A. Khan,40.0,95.50999999999999,3820.4
1346,2025-07-27,North,Widget C,J. Smith,26.0,135.5,3523.0
1347,2025-04-05,West,Widget C,A. Khan,1.0,55.85,55.85
1348,2025-01-05,East,Widget C,M. Chen,20.0,118.58,2371.6
1349,2025-10-21,East,Widget C,A. Khan,4.0,135.22,540.88
1350,2025-08-27,South,Widget A,J. Smith,46.0,155.12,7135.52
1351,2025-03-02,East,Widget C,J. Smith,15.0,47.73,715.95
1352,2025-10-03,South,Widget A,J. Smith,24.0,86.09,2066.16
1353,2025-09-10,East,Widget B,A. Khan,49.0,53.26,2609.74
1354,2025-02-11,West,Widget B,M. Chen,5.0,183.86,919.3
1355,2025-02-27,East,Widget B,J. Smith,13.0,116.68,1516.84
1356,2025-03-18,East,Widget B,R. Patel,8.0,137.66,1101.28
1357,2025-10-26,North,Widget B,R. Patel,4.0,93.42,373.68
1358,2025-09-20,West,Widget B,J. Smith,36.0,95.16,3425.76
1359,2025-06-07,North,Widget A,M. Chen,1.0,150.43,150.43
1360,2025-10-24,North,Widget A,M. Chen,45.0,17.43,784.35
1361,2025-01-31,West,Widget A,M. Chen,26.0,40.1,1042.6
1362,2025-03-11,South,Widget A,M. Chen,25.0,92.46,2311.5
1363,2025-07-13,North,Widget B,A. Khan,42.0,172.76,7255.92
1364,2025-03-02,North,Widget A,J. Smith,9.0,146.93,1322.37
1365,2025-04-25,East,Widget A,M. Chen,30.0,136.33,4089.9
1366,2025-06-10,North,Widget A,A. Khan,16.0,94.82,1517.12
1367,2025-03-21,South,Widget A,J. Smith,43.0,86.75,3730.25
1368,2025-01-09,South,Widget A,J. Smith,39.0,11.55,450.45
1369,2025-01-25,South,Widget A,J. Smith,29.0,50.7,1470.3
1370,2025-04-22,South,Widget B,M. Chen,15.0,164.08,2461.2
1371,2025-10-22,North,Widget B,M. Chen,26.0,63.84,1659.84
1372,2025-03-15,North,Widget B,R. Patel,20.0,58.66,1173.2
1373,2025-10-13,South,Widget B,R. Patel,36.0,101.65,3659.4
1374,2025-06-26,South,Widget A,J. Smith,26.0,140.78,3660.28
1375,2025-07-29,East,Widget A,A. Khan,49.0,109.9,5385.1
1376,2025-05-04,East,Widget B,R. Patel,4.0,114.67,458.68
1377,2025-08-02,North,Widget B,R. Patel,26.0,54.72,1422.72
1378,2025-06-19,North,Widget A,M. Chen,6.0,109.45,656.7
1379,2025-04-08,East,Widget A,J. Smith,39.0,12.71,495.69
1380,2025-02-07,East,Widget B,J. Smith,14.0,98.48,1378.72
1381,2025-06-20,North,Widget B,A. Khan,48.0,27.88,1338.24
1382,2025-09-03,South,Widget B,A. Khan,26.0,183.45,4769.7
1383,2025-10-10,East,Widget C,R. Patel,30.0,109.06,3271.8
1384,2025-03-07,East,Widget C,J. Smith,32.0,95.87,3067.84
1385,2025-08-29,South,Widget C,M. Chen,27.0,13.91,375.57
1386,2025-04-24,South,Widget A,M. Chen,36.0,187.28,6742.08
1387,2025-10-24,West,Widget C,A. Khan,13.0,69.32,901.16
1388,2025-07-14,East,Widget B,R. Patel,26.0,132.65,3448.9
1389,2025-06-22,East,Widget A,R. Patel,30.0,37.81,1134.3
1390,2025-06-30,South,Widget B,R. Patel,12.0,183.8,2205.6
1391,2025-10-05,North,Widget B,J. Smith,5.0,189.31,946.55
1392,2025-01-25,West,Widget B,J. Smith,5.0,142.9,714.5
1393,2025-01-05,North,Widget A,M. Chen,4.0,125.48,501.92
1394,2025-09-05,West,Widget A,J. Smith,26.0,95.50999999999999,2483.26
1395,2025-01-07,North,Widget C,J. Smith,19.0,8.34,158.46
1396,2025-08-09,North,Widget A,J. Smith,10.0,51.99,519.9
1397,2025-09-27,East,Widget C,M. Chen,26.0,20.41,530.66
1398,2025-07-27,North,Widget B,A. Khan,20.0,138.39,2767.8
1399,2025-02-11,East,Widget A,J. Smith,26.0,78.96,2052.96
1400,2025-10-10,North,Widget A,J. Smith,6.0,102.47,614.82
1401,2025-08-11,East,Widget C,J. Smith,7.0,179.48,1256.36
1402,2025-01-22,South,Widget B,R. Patel,18.0,14.08,253.44
1403,2025-02-08,East,Widget B,J. Smith,43.0,11.42,491.06
1404,2025-06-11,South,Widget B,A. Khan,49.0,165.03,8086.47
1405,2025-07-23,East,Widget B,J. Smith,16.0,115.51,1848.16
1406,2025-07-19,North,Widget C,R. Patel,26.0,149.25,3880.5
1407,2025-02-10,South,Widget C,J. Smith,7.0,90.23,631.61
1408,2025-08-02,North,Widget B,J. Smith,26.0,193.94,5042.44
1409,2025-06-17,South,Widget C,R. Patel,32.0,49.49,1583.68
1410,2025-11-10,West,Widget B,J. Smith,43.0,79.11,3401.73
1411,2025-06-01,South,Widget A,J. Smith,18.0,35.07,631.26
1412,2025-03-20,West,Widget C,M. Chen,7.0,22.85,159.95
1413,2025-07-06,East,Widget C,J. Smith,9.0,22.02,198.18
1414,2025-09-08,North,Widget B,J. Smith,27.0,25.14,678.78
1415,2025-02-15,North,Widget A,J. Smith,39.0,157.97,6160.83
1416,2025-07-17,East,Widget A,J. Smith,50.0,21.52,1076.0
1417,2025-10-14,North,Widget B,A. Khan,44.0,79.24,3486.56
1418,2025-03-13,East,Widget C,R. Patel,10.0,17.34,173.4
1419,2025-11-08,West,Widget C,R. Patel,5.0,75.42,377.1
1420,2025-05-07,South,Widget A,J. Smith,40.0,43.13,1725.2
1421,2025-02-24,North,Widget A,J. Smith,22.0,169.11,3720.42
1422,2025-07-14,West,Widget C,R. Patel,42.0,194.97,8188.74
1423,2025-11-03,East,Widget B,A. Khan,31.0,66.27,2054.37
1424,2025-07-23,East,Widget A,J. Smith,16.0,68.55,1096.8
1425,2025-05-24,East,Widget A,J. Smith,13.0,120.48,1566.24
1426,2025-10-07,South,Widget B,J. Smith,47.0,95.02,4465.94
1427,2025-04-18,East,Widget C,J. Smith,27.0,136.23,3678.21
1428,2025-03-13,East,Widget B,M. Chen,43.0,35.06,1507.58
1429,2025-05-08,North,Widget A,J. Smith,31.0,118.54,3674.74
1430,2025-10-01,East,Widget A,J. Smith,3.0,95.50999999999999,286.53
1431,2025-07-04,East,Widget B,J. Smith,41.0,183.31,7515.71
1432,2025-02-25,South,Widget C,A. Khan,42.0,124.47,5227.74
1433,2025-10-16,South,Widget A,M. Chen,28.0,25.66,718.48
1434,2025-02-20,South,Widget B,J. Smith,36.0,118.2,4255.2
1435,2025-10-22,North,Widget C,R. Patel,30.0,155.61,4668.3
1436,2025-09-14,East,Widget A,R. Patel,26.0,62.61,1627.86
1437,2025-02-13,East,Widget B,M. Chen,20.0,71.9,1438.0
1438,2025-04-16,West,Widget C,R. Patel,7.0,90.44,633.08
1439,2025-08-20,North,Widget C,J. Smith,46.0,27.44,1262.24
1440,2025-06-25,North,Widget B,A. Khan,34.0,39.02,1326.68
1441,2025-03-23,North,Widget A,R. Patel,15.0,160.56,2408.4
1442,2025-04-05,South,Widget A,J. Smith,2.0,148.79,297.58
1443,2025-12-04,North,Widget A,R. Patel,26.0,142.42,3702.92
1444,2025-04-16,East,Widget A,J. Smith,7.0,160.9,1126.3
1445,2025-10-02,East,Widget C,A. Khan,30.0,27.22,816.6
1446,2025-09-08,South,Widget C,J. Smith,25.0,124.21,3105.25
1447,2025-10-28,East,Widget C,R. Patel,40.0,38.64,1545.6
1448,2025-06-02,North,Widget A,A. Khan,21.0,27.98,587.58
1449,2025-06-06,South,Widget C,A. Khan,33.0,95.50999999999999,3151.83
1450,2025-03-12,West,Widget A,A. Khan,26.0,128.92,3351.92
1451,2025-03-30,South,Widget A,M. Chen,9.0,41.48,373.32
1452,2025-08-19,North,Widget C,J. Smith,32.0,31.62,1011.84
1453,2025-07-16,North,Widget A,R. Patel,44.0,100.89,4439.16
1454,2025-08-16,South,Widget A,J. Smith,2.0,160.2,320.4
1455,2025-04-23,North,Widget C,A. Khan,35.0,61.29,2145.15
1456,2025-08-23,South,Widget A,J. Smith,33.0,27.08,893.64
1457,2025-02-28,East,Widget B,M. Chen,35.0,165.41,5789.35
1458,2025-01-22,West,Widget B,A. Khan,28.0,24.97,699.16
1459,2025-07-05,North,Widget A,R. Patel,17.0,72.97,1240.49
1460,2025-02-14,East,Widget A,A. Khan,14.0,163.09,2283.26
1461,2025-06-29,North,Widget A,A. Khan,40.0,32.15,1286.0
1462,2025-04-16,East,Widget A,J. Smith,23.0,108.79,2502.17
1463,2025-10-03,East,Widget C,M. Chen,37.0,57.13,2113.81
1464,2025-09-21,East,Widget A,A. Khan,49.0,158.21,7752.29
1465,2025-01-31,East,Widget B,A. Khan,16.0,33.52,536.32
1466,2025-06-14,East,Widget A,R. Patel,10.0,117.6,1176.0
1467,2025-05-18,West,Widget A,R. Patel,5.0,128.56,642.8
1468,2025-02-17,North,Widget C,M. Chen,30.0,95.50999999999999,2865.3
1469,2025-06-17,North,Widget A,R. Patel,41.0,134.51,5514.91
1470,2025-07-03,East,Widget B,R. Patel,14.0,193.79,2713.06
1471,2025-04-19,North,Widget C,M. Chen,22.0,111.73,2458.06
1472,2025-03-08,North,Widget A,M. Chen,44.0,95.50999999999999,4202.44
1473,2025-01-24,South,Widget A,J. Smith,8.0,186.24,1489.92
1474,2025-03-22,West,Widget A,R. Patel,13.0,199.16,2589.08
1475,2025-03-09,East,Widget B,M. Chen,6.0,132.64,795.84
1476,2025-05-09,East,Widget B,J. Smith,26.0,126.99,3301.74
1477,2025-04-30,South,Widget A,J. Smith,26.0,46.62,1212.12
1478,2025-02-09,North,Widget B,J. Smith,44.0,91.79,4038.76
1479,2025-01-05,East,Widget A,R. Patel,45.0,30.77,1384.65
1480,2025-02-06,West,Widget A,J. Smith,7.0,66.1,462.7
1481,2025-06-03,West,Widget B,A. Khan,5.0,108.45,542.25
1482,2025-01-05,South,Widget B,R. Patel,23.0,145.87,3355.01
1483,2025-03-19,North,Widget A,A. Khan,6.0,179.84,1079.04
1484,2025-03-13,North,Widget A,M. Chen,28.0,95.50999999999999,2674.28
1485,2025-03-13,East,Widget A,A. Khan,36.0,122.19,4398.84
1486,2025-05-26,North,Widget C,A. Khan,34.0,123.35,4193.9
1487,2025-04-07,West,Widget C,J. Smith,16.0,101.5,1624.0
1488,2025-02-27,West,Widget B,J. Smith,34.0,178.3,6062.2
1489,2025-07-01,East,Widget B,R. Patel,37.0,87.07,3221.59
1490,2025-10-07,South,Widget A,J. Smith,2.0,119.54,239.08
1491,2025-08-01,South,Widget A,J. Smith,26.0,103.79,2698.54
1492,2025-09-14,West,Widget A,J. Smith,41.0,109.63,4494.83
1493,2025-03-20,North,Widget C,J. Smith,33.0,184.58,6091.14
1494,2025-03-21,East,Widget A,J. Smith,41.0,95.50999999999999,3915.91
1495,2025-03-02,South,Widget A,A. Khan,26.0,52.67,1369.42
1496,2025-08-11,West,Widget B,J. Smith,4.0,65.31,261.24
1497,2025-03-31,North,Widget B,J. Smith,11.0,101.8,1119.8
1498,2025-06-27,North,Widget C,A. Khan,24.0,95.50999999999999,2292.24
1499,2025-05-18,North,Widget A,M. Chen,28.0,58.04,1625.12
